{"cameraMode":{"drawMode":0,"name":"Shaded","section":"Shading Mode"},"sceneLighting":true,"audioPlay":false,"sceneViewState":{"showFog":true,"showMaterialUpdate":false,"showSkybox":true,"showFlares":true,"showImageEffects":true,"showParticleSystems":true},"in2DMode":false,"pivot":{"x":1.6198118925094605,"y":-0.000037181260267971084,"z":-3.9297986030578615},"rotation":{"x":0.00448037451133132,"y":0.9922456741333008,"z":-0.03753460943698883,"w":0.11843559890985489},"size":7.7961344718933109,"orthographic":false}